term,E,P,A,E2,P2,A2
Air_Force_enlistee,2.06,1.56,0.86,2.06,1.56,0.86
Air_Force_officer,2.07,2.42,1.6,2.07,2.42,1.6
Air_Force_reservist,1.93,1.61,0.68,1.93,1.61,0.68
American,1.41,1.81,1.77,1.41,1.81,1.77
Arab,0.31,0.45,0.16,0.31,0.45,0.16
Army_enlistee,2.39,1.64,1.3,2.39,1.64,1.3
Army_officer,1.28,2.36,1.64,1.28,2.36,1.64
Army_reservist,1.74,1.18,0.62,1.74,1.18,0.62
Asian,1.41,0.39,-0.34,1.41,0.39,-0.34
Asian_American,1.15,0.8,-0.06,1.15,0.8,-0.06
Asian_man,0.82,0.2,-0.35,0.82,0.2,-0.35
Asian_woman,1.25,0.32,-0.27,1.25,0.32,-0.27
Australian,1.03,0.32,0.62,1.03,0.32,0.62
Austrian,0.57,0.28,0.31,0.57,0.28,0.31
Black,0.86,0.7,0.98,0.86,0.7,0.98
Buddhist,1.45,0.61,-1.88,1.45,0.61,-1.88
CEO,0.71,3.22,1.48,0.71,3.22,1.48
CPA,0.88,1.48,-0.5,0.88,1.48,-0.5
Catholic,0.55,0.49,-0.21,0.55,0.49,-0.21
Chinese,1.17,0.41,0.13,1.17,0.41,0.13
Christian,1.5,1.44,0.65,1.5,1.44,0.65
Christian_missionary,1.72,1.67,0.43,1.72,1.67,0.43
German,0.58,0.68,0.62,0.58,0.68,0.62
God,3.19,3.45,-0.46,3.19,3.45,-0.46
Hindu,0.76,0.14,-0.66,0.76,0.14,-0.66
Hispanic_American,1.15,-0.02,0.31,1.15,-0.02,0.31
Hispanic_man,0.57,-0.07,0.57,0.57,-0.07,0.57
Hispanic_woman,1.11,0.05,0.92,1.11,0.05,0.92
Imam,0.17,1.2,-0.14,0.17,1.2,-0.14
Jew,1.21,0.53,0.14,1.21,0.53,0.14
Marine_Corps_enlistee,1.77,1.42,1.17,1.77,1.42,1.17
Marine_Corps_officer,1.99,2.58,1.82,1.99,2.58,1.82
Marine_Corps_reservist,1.56,1.67,0.68,1.56,1.67,0.68
Methodist,1.17,0.43,-0.1,1.17,0.43,-0.1
Mormon,0.15,-0.28,-0.59,0.15,-0.28,-0.59
Muslim,0.67,0.24,-0.11,0.67,0.24,-0.11
Navy_enlistee,1.66,1.03,1.06,1.66,1.03,1.06
Navy_officer,1.84,2.44,1.1,1.84,2.44,1.1
Navy_reservist,1.86,1.5,0.43,1.86,1.5,0.43
Pentecostal,0.47,0.18,0.53,0.47,0.18,0.53
Protestant,1.01,0.61,0.43,1.01,0.61,0.43
Turk,0.43,0.28,0.24,0.43,0.28,0.24
abortionist,-0.69,1,-0.21,-0.69,1,-0.21
academic,2.34,2.26,-0.12,2.34,2.26,-0.12
accomplice,-0.14,0.22,0.23,-0.14,0.22,0.23
accountant,1.03,1.16,-0.48,1.03,1.16,-0.48
accounting_clerk,1.06,0.46,-0.87,1.06,0.46,-0.87
accused,-1.46,-1.38,-0.09,-1.46,-1.38,-0.09
acquaintance,1.11,0.02,-0.16,1.11,0.02,-0.16
actor,0.82,1.36,1.68,0.82,1.36,1.68
addict,-2.23,-2.36,0.19,-2.23,-2.36,0.19
adolescent,0.66,-0.81,2.17,0.66,-0.81,2.17
adopted_child,1.97,-0.1,0.18,1.97,-0.1,0.18
adopted_daughter,2.01,0.36,0.15,2.01,0.36,0.15
adopted_son,1.65,0.41,0.28,1.65,0.41,0.28
adult,1.06,1.81,0.29,1.06,1.81,0.29
adulterer,-2.98,-0.15,0.21,-2.98,-0.15,0.21
adulteress,-2.43,0.45,0.96,-2.43,0.45,0.96
advertising_copy_writer,0.65,0.55,0.66,0.65,0.55,0.66
advertising_executive,0.13,2.13,1.51,0.13,2.13,1.51
agnostic,0.22,-0.08,-0.28,0.22,-0.08,-0.28
aide,2,1.41,0.21,2,1.41,0.21
airline_pilot,1.66,2.41,0.33,1.66,2.41,0.33
alcoholic,-2.29,-1.83,1.13,-2.29,-1.83,1.13
ally,2.34,2.15,-0.16,2.34,2.15,-0.16
alumnus,1.53,1.39,0.32,1.53,1.39,0.32
ambassador,1.46,2.28,0.31,1.46,2.28,0.31
anesthetist,1.52,1.85,-0.89,1.52,1.85,-0.89
angel,3.28,2.77,-0.86,3.28,2.77,-0.86
anti_Semite,-2.81,-0.36,1.35,-2.81,-0.36,1.35
applicant,1.12,-0.63,-0.06,1.12,-0.63,-0.06
apprentice,1.46,-0.29,0.03,1.46,-0.29,0.03
architect,1.52,1.7,-0.28,1.52,1.7,-0.28
army_chaplain,2.16,1.59,0.23,2.16,1.59,0.23
army_general,1.81,3.34,2.32,1.81,3.34,2.32
arsonist,-3.31,1.55,0.69,-3.31,1.55,0.69
artist,1.74,0.92,-0.33,1.74,0.92,-0.33
ass,-1.48,0.29,1.38,-1.48,0.29,1.38
assailant,-2.29,1.39,0.78,-2.29,1.39,0.78
assassin,-2.62,2.71,-0.77,-2.62,2.71,-0.77
assembly_line_worker,0.77,-1.02,0.76,0.77,-1.02,0.76
assistant,1.51,-0.1,0.05,1.51,-0.1,0.05
astrologer,0.95,0.42,-0.63,0.95,0.42,-0.63
astronaut,2.33,2.13,0.76,2.33,2.13,0.76
atheist,-0.19,-0.29,0.04,-0.19,-0.29,0.04
athlete,1.81,2.5,2.45,1.81,2.5,2.45
attorney,1.21,2.46,1.51,1.21,2.46,1.51
attorney_general,0.94,2.54,0.73,0.94,2.54,0.73
auctioneer,0.76,1.19,3.03,0.76,1.19,3.03
auditor,-0.33,1.54,-0.61,-0.33,1.54,-0.61
auditor_general,0.14,1.55,0.1,0.14,1.55,0.1
aunt,1.95,0.62,0.7,1.95,0.62,0.7
author,1.45,1.88,-1.13,1.45,1.88,-1.13
authority,0.7,2.99,0.85,0.7,2.99,0.85
autistic_person,0.9,-0.86,-0.25,0.9,-0.86,-0.25
auto_mechanic,1.15,0.58,0.55,1.15,0.58,0.55
automobile_assembler,1.19,0.55,1.06,1.19,0.55,1.06
baby,2.5,-2.55,1.58,2.5,-2.55,1.58
babysitter,2.12,1.36,0.36,2.12,1.36,0.36
bachelor,0.63,0.71,1.33,0.63,0.71,1.33
backstabber,-3.62,0.55,-0.07,-3.62,0.55,-0.07
bailiff,0.72,1.56,0.1,0.72,1.56,0.1
bailsman,0.58,1.57,0.55,0.58,1.57,0.55
baker,1.97,0.7,0.06,1.97,0.7,0.06
bandit,-2.05,0.68,1.19,-2.05,0.68,1.19
bank_manager,1.11,1.81,0.27,1.11,1.81,0.27
bank_teller,1.27,0.57,-0.52,1.27,0.57,-0.52
banker,0.96,1.26,-0.52,0.96,1.26,-0.52
baptist,0.7,0.66,0.87,0.7,0.66,0.87
barber,1.35,0.26,0.41,1.35,0.26,0.41
bartender,1.33,1.18,2.16,1.33,1.18,2.16
bastard,-1.48,-0.79,0.38,-1.48,-0.79,0.38
battered_woman,-2.21,-2.09,-1.49,-2.21,-2.09,-1.49
beautician,1.32,0.05,1.11,1.32,0.05,1.11
beauty,2.31,2.07,0.23,2.31,2.07,0.23
beggar,-1.3,-2.71,-0.69,-1.3,-2.71,-0.69
beginner,0.42,-1.39,-0.95,0.42,-1.39,-0.95
bellhop,1.2,-0.82,0.95,1.2,-0.82,0.95
benefactor,1.97,1.98,0.1,1.97,1.98,0.1
best_friend,3.62,3.1,1.25,3.62,3.1,1.25
best_man,2.59,1.48,0.81,2.59,1.48,0.81
big_shot,-0.59,1.38,1.95,-0.59,1.38,1.95
bigamist,-2.02,-0.3,0.9,-2.02,-0.3,0.9
bigot,-2.8,-0.57,1.5,-2.8,-0.57,1.5
bill_collector,-1.07,1.63,1.02,-1.07,1.63,1.02
biologist,1.83,1.45,-0.11,1.83,1.45,-0.11
bisexual,0.18,-0.05,0.38,0.18,-0.05,0.38
bitch,-2.48,0.06,2.2,-2.48,0.06,2.2
blabbermouth,-2.05,-0.12,2.9,-2.05,-0.12,2.9
black_man,1.6,1.17,0.95,1.6,1.17,0.95
black_professional,1.56,1.48,0.71,1.56,1.48,0.71
black_woman,1.45,1.34,1.7,1.45,1.34,1.7
blacksmith,1.22,1.26,0.95,1.22,1.26,0.95
blind_date,0.29,-0.33,0.13,0.29,-0.33,0.13
blind_person,0.65,-1.2,-1.52,0.65,-1.2,-1.52
blockhead,-1.51,-1.29,-0.78,-1.51,-1.29,-0.78
blogger,0.5,0.45,0.94,0.5,0.45,0.94
blonde,0.55,0.31,0.86,0.55,0.31,0.86
blood_donor,2.98,2.3,-0.37,2.98,2.3,-0.37
blue_collar_worker,1.52,0.05,0.43,1.52,0.05,0.43
board_director,1.04,2.59,1.09,1.04,2.59,1.09
boarder,0.34,-0.08,-0.17,0.34,-0.08,-0.17
bodyguard,1.86,2.65,0.39,1.86,2.65,0.39
bohemian,0.71,0.08,0.07,0.71,0.08,0.07
bonehead,-1.68,-1.75,-0.79,-1.68,-1.75,-0.79
bookie,-0.62,0.85,0.08,-0.62,0.85,0.08
bookkeeper,1.35,0.04,-1.44,1.35,0.04,-1.44
bookworm,1.57,0.32,-2.29,1.57,0.32,-2.29
boor,-0.65,-0.49,-0.88,-0.65,-0.49,-0.88
bore,-1.6,-1.09,-2,-1.6,-1.09,-2
born_again_Christian,1.52,0.99,0.55,1.52,0.99,0.55
boss,0.91,2.79,1.07,0.91,2.79,1.07
bouncer,0.55,2.3,0.63,0.55,2.3,0.63
boxer,0.66,2.46,2.4,0.66,2.46,2.4
boy,0.84,0.87,1.59,0.84,0.87,1.59
boy_scout,1.81,0.5,0.86,1.81,0.5,0.86
boyfriend,1.86,1.68,0.89,1.86,1.68,0.89
braggart,-1.67,-0.62,1.81,-1.67,-0.62,1.81
brain,3.34,3.7,2.27,3.34,3.7,2.27
brat,-2.66,-0.26,2.49,-2.66,-0.26,2.49
breadwinner,2.18,2.38,0.69,2.18,2.38,0.69
bricklayer,1.21,0.69,0.11,1.21,0.69,0.11
bride,2.16,1.88,0.97,2.16,1.88,0.97
bridegroom,1.66,1.41,0.32,1.66,1.41,0.32
bridesmaid,1.93,0.37,0.93,1.93,0.37,0.93
broad,-0.31,-0.04,0.91,-0.31,-0.04,0.91
broadcast_news_analyst,0.68,1.33,1.41,0.68,1.33,1.41
brother,1.8,1.72,1.43,1.8,1.72,1.43
brother_in_law,1.05,0.3,0.42,1.05,0.3,0.42
brunette,1.18,0.67,0.36,1.18,0.67,0.36
brute,-1.97,1.74,1.44,-1.97,1.74,1.44
buddy,2.66,1.98,1.01,2.66,1.98,1.01
buffoon,-1.61,-1.4,0.91,-1.61,-1.4,0.91
building_contractor,1.05,1.39,1.04,1.05,1.39,1.04
bulldozer_operator,0.44,1.17,1.38,0.44,1.17,1.38
bully,-3.25,0.66,2.04,-3.25,0.66,2.04
bum,-1.69,-2.49,-1.62,-1.69,-2.49,-1.62
bureaucrat,-0.59,1.22,0.09,-0.59,1.22,0.09
burglar,-3.37,0.6,-0.39,-3.37,0.6,-0.39
bus_driver,1.31,0.17,0.05,1.31,0.17,0.05
busboy,0.85,-1.16,0.33,0.85,-1.16,0.33
businessman,0.64,1.81,1.31,0.64,1.81,1.31
businesswoman,1.82,2.35,1.6,1.82,2.35,1.6
busybody,0.15,0.44,2.37,0.15,0.44,2.37
butcher,0.75,0.77,0.67,0.75,0.77,0.67
bystander,-0.13,-0.49,-1.27,-0.13,-0.49,-1.27
cabinet_maker,1.1,0.71,0.28,1.1,0.71,0.28
cabinet_member,0.59,1.84,0.46,0.59,1.84,0.46
cad,-1.36,-0.78,0.72,-1.36,-0.78,0.72
call_girl,-1.04,-0.68,0.92,-1.04,-0.68,0.92
capitalist,0.54,1.64,1.37,0.54,1.64,1.37
captive,-1.14,-2.71,-0.76,-1.14,-2.71,-0.76
carpenter,1.25,0.65,0.86,1.25,0.65,0.86
cashier,0.65,-0.73,0.42,0.65,-0.73,0.42
casual_laborer,0.77,-0.42,-0.05,0.77,-0.42,-0.05
celebrity,0.25,2.25,2.16,0.25,2.25,2.16
cement_worker,0.79,0.27,0.92,0.79,0.27,0.92
censor,-0.97,1.73,-0.21,-0.97,1.73,-0.21
chain_smoker,-2.29,-1.66,-0.46,-2.29,-1.66,-0.46
chairman,0.64,2.43,0.7,0.64,2.43,0.7
chairman_of_the_board,1.05,3.04,0.96,1.05,3.04,0.96
chairperson,1.13,2.32,0.79,1.13,2.32,0.79
chairwoman,1.4,2.33,0.91,1.4,2.33,0.91
chambermaid,0.5,-1.52,-0.84,0.5,-1.52,-0.84
champion,2.36,2.69,1.67,2.36,2.69,1.67
chap,1.25,0.18,0.48,1.25,0.18,0.48
chaperone,1.02,1.39,-0.07,1.02,1.39,-0.07
chaplain,2.12,1.58,-0.52,2.12,1.58,-0.52
chatterbox,-0.49,0.14,2.92,-0.49,0.14,2.92
chauffeur,1.51,-0.51,-0.73,1.51,-0.51,-0.73
cheat,-3.01,-0.53,-0.29,-3.01,-0.53,-0.29
cheerleader,1.05,0.24,2.93,1.05,0.24,2.93
chef,1.69,1.35,1.68,1.69,1.35,1.68
chemical_engineer,1.57,1.73,-0.41,1.57,1.73,-0.41
chemist,1.82,1.88,-0.68,1.82,1.88,-0.68
chief_operations_officer,0.83,2.45,1.15,0.83,2.45,1.15
child,1.89,-1.14,1.87,1.89,-1.14,1.87
child_molester,-4.19,-0.05,-1.07,-4.19,-0.05,-1.07
chiropractor,1.77,1.38,-0.36,1.77,1.38,-0.36
choreographer,1.27,1.21,1.97,1.27,1.21,1.97
chum,-0.67,-0.97,-0.95,-0.67,-0.97,-0.95
church_deacon,1.41,1.4,-0.17,1.41,1.4,-0.17
citizen,1.35,0.93,0.39,1.35,0.93,0.39
city_councilor,0.66,1.8,0.7,0.66,1.8,0.7
civil_engineer,1.7,1.55,-0.02,1.7,1.55,-0.02
civil_servant,1.18,-0.17,-0.54,1.18,-0.17,-0.54
classmate,0.98,0.15,0.24,0.98,0.15,0.24
cleaning_woman,1.82,0.16,-0.05,1.82,0.16,-0.05
clergy,1.08,1.44,-0.73,1.08,1.44,-0.73
clerical_worker,1.11,-0.09,-0.47,1.11,-0.09,-0.47
clerk,0.98,-0.4,-0.09,0.98,-0.4,-0.09
client,1.36,1.12,0.91,1.36,1.12,0.91
clod,-1.12,-0.51,-0.42,-1.12,-0.51,-0.42
clown,-0.05,-0.98,2.04,-0.05,-0.98,2.04
co_worker,1.42,0.29,0.5,1.42,0.29,0.5
coach,1.96,2.37,2.19,1.96,2.37,2.19
coal_miner,0.84,0.11,0.54,0.84,0.11,0.54
collaborator,1.52,1.41,0.69,1.52,1.41,0.69
colleague,1.46,0.93,0.22,1.46,0.93,0.22
college_student,1.82,0.44,1.87,1.82,0.44,1.87
comedian,1.94,1.19,2.88,1.94,1.19,2.88
commentator,0.89,0.92,1.86,0.89,0.92,1.86
commissioned_officer,1.25,1.97,0.8,1.25,1.97,0.8
commissioner,0.99,1.88,0.59,0.99,1.88,0.59
communist,-1.23,0.34,0.36,-1.23,0.34,0.36
companion,3.09,1.97,0.15,3.09,1.97,0.15
competitor,0.52,1.59,1.4,0.52,1.59,1.4
computer_programmer,1.51,1.46,0.01,1.51,1.46,0.01
computer_security_specialist,1.57,1.45,-0.59,1.57,1.45,-0.59
computer_support_specialist,1.33,0.82,-0.02,1.33,0.82,-0.02
con_artist,-2.61,1.3,0.95,-2.61,1.3,0.95
confidant,2.43,2.32,-0.64,2.43,2.32,-0.64
conformist,-0.99,-1.89,-0.92,-0.99,-1.89,-0.92
connoisseur,1.49,0.92,-0.01,1.49,0.92,-0.01
conservative,0.44,0.52,-0.23,0.44,0.52,-0.23
construction_contractor,1.37,1.38,1.35,1.37,1.38,1.35
construction_foreman,1.13,1.47,1.42,1.13,1.47,1.42
construction_laborer,1.33,0.68,1.59,1.33,0.68,1.59
consultant,1.53,1.61,0.77,1.53,1.61,0.77
consumer,1.22,1.23,0.78,1.22,1.23,0.78
convict,-2.09,-0.98,0.36,-2.09,-0.98,0.36
cook,2.24,1.69,1.58,2.24,1.69,1.58
cop,0.99,2.71,1.05,0.99,2.71,1.05
copycat,-1.93,-1.28,0.13,-1.93,-1.28,0.13
coroner,0.64,0.69,-0.95,0.64,0.69,-0.95
cosmetologist,1.31,0.3,0.6,1.31,0.3,0.6
counselor,2.54,1.66,-0.78,2.54,1.66,-0.78
cousin,1.58,0.38,0.7,1.58,0.38,0.7
coward,-2.39,-2.95,-1.63,-2.39,-2.95,-1.63
craftsman,1.59,1.07,-0.31,1.59,1.07,-0.31
crane_operator,0.94,1.23,0.29,0.94,1.23,0.29
creditor,-0.45,1.63,0.63,-0.45,1.63,0.63
criminal,-2.55,-0.21,0.5,-2.55,-0.21,0.5
cripple,-0.08,-1.88,-1.78,-0.08,-1.88,-1.78
critic,-0.42,1.3,1.15,-0.42,1.3,1.15
crook,-2.81,-0.33,0.18,-2.81,-0.33,0.18
crybaby,-2.32,-1.93,2,-2.32,-1.93,2
culprit,-2.13,-0.22,0.61,-2.13,-0.22,0.61
custodian,1.54,-0.82,-0.93,1.54,-0.82,-0.93
customer,1.1,1.27,0.67,1.1,1.27,0.67
customer_systems_analyst,0.9,0.33,-0.6,0.9,0.33,-0.6
customs_officer,0.45,1.37,0.13,0.45,1.37,0.13
cutthroat,-1.94,1.33,0.97,-1.94,1.33,0.97
cynic,-1.43,-0.48,0.13,-1.43,-0.48,0.13
dairy_farmer,1.62,0.42,-0.62,1.62,0.42,-0.62
daredevil,0.51,1.74,3.08,0.51,1.74,3.08
daughter,1.99,1.07,1.02,1.99,1.07,1.02
daughter_in_law,1.25,0.21,0.13,1.25,0.21,0.13
deadbeat,-2.8,-2.57,-1.45,-2.8,-2.57,-1.45
deadbeat_dad,-3.3,-1.13,-0.76,-3.3,-1.13,-0.76
decorator,1.7,0.81,0.84,1.7,0.81,0.84
defendant,0.14,-0.32,-0.15,0.14,-0.32,-0.15
defense_attorney,0.86,2.05,1.44,0.86,2.05,1.44
degenerate,-1.6,-1.5,-0.48,-1.6,-1.5,-0.48
delinquent,-2.28,-1.31,1.2,-2.28,-1.31,1.2
dental_assistant,1.4,0,0.05,1.4,0,0.05
dental_hygienist,1.68,0.86,0.34,1.68,0.86,0.34
dentist,1.62,1.51,0.08,1.62,1.51,0.08
deputy,1.08,2,0.8,1.08,2,0.8
detective,1.65,1.93,-0.8,1.65,1.93,-0.8
devil,-3.46,1.62,1.05,-3.46,1.62,1.05
dietitian,1.56,0.9,-0.32,1.56,0.9,-0.32
dimwit,-1.41,-1.98,-1.3,-1.41,-1.98,-1.3
diner,1.37,-0.33,1.6,1.37,-0.33,1.6
diplomat,1.2,2.21,0.8,1.2,2.21,0.8
disabled_person,0.32,-1.07,-1.25,0.32,-1.07,-1.25
disciplinarian,-0.02,1.85,1.02,-0.02,1.85,1.02
dishwasher,1.7,0.11,1.23,1.7,0.11,1.23
disregard,-1.04,0.47,-0.13,-1.04,0.47,-0.13
district_attorney,0.8,2.38,1.16,0.8,2.38,1.16
divorce,-1.43,0.94,0.57,-1.43,0.94,0.57
divorce_lawyer,-0.33,1.96,0.81,-0.33,1.96,0.81
divorcee,-0.87,0.05,0.17,-0.87,0.05,0.17
do_nothing,-2.01,-2.62,-2.23,-2.01,-2.62,-2.23
doctor,2.69,2.94,0.37,2.69,2.94,0.37
doll,1.37,-1.6,-2.03,1.37,-1.6,-2.03
dolt,-0.97,-1.41,-1,-0.97,-1.41,-1
dope,-1.22,-1.5,-1.14,-1.22,-1.5,-1.14
drag_queen,0.33,0.58,2.01,0.33,0.58,2.01
dropout,-1.87,-2.3,-0.71,-1.87,-2.3,-0.71
drug_addict,-2.54,-2.31,0.02,-2.54,-2.31,0.02
drug_dealer,-2.24,1.48,-0.54,-2.24,1.48,-0.54
drunk,-1.67,-1.47,1.7,-1.67,-1.47,1.7
drunkard,-2.17,-1.78,0.73,-2.17,-1.78,0.73
dummy,-1.27,-2.23,-1.52,-1.27,-2.23,-1.52
dunce,-1.68,-2.13,-0.98,-1.68,-2.13,-0.98
economist,0.87,0.93,-0.26,0.87,0.93,-0.26
editor,1.08,1.7,0.23,1.08,1.7,0.23
education_administrator,1.43,2.09,0.56,1.43,2.09,0.56
educator,2.42,2.52,0.26,2.42,2.52,0.26
electrical_engineer,1.71,1.61,0.28,1.71,1.61,0.28
electrical_linesman,1.01,0.64,0.34,1.01,0.64,0.34
electrician,1.26,0.43,-0.11,1.26,0.43,-0.11
elementary_school_student,1.4,-0.85,2.08,1.4,-0.85,2.08
elementary_school_teacher,2.66,1.81,0.71,2.66,1.81,0.71
employee,1.04,-0.37,0.2,1.04,-0.37,0.2
employer,1.57,2.56,0.7,1.57,2.56,0.7
enemy,-2.77,1.07,0.95,-2.77,1.07,0.95
engineer,1.75,1.94,0.3,1.75,1.94,0.3
entrepreneur,1.59,2,1.99,1.59,2,1.99
environmentalist,2.1,0.65,0.77,2.1,0.65,0.77
evangelical_Christian,0.67,0.65,0.88,0.67,0.65,0.88
evangelist,0.77,1.09,1.16,0.77,1.09,1.16
evildoer,-3.34,1.45,0.93,-3.34,1.45,0.93
ex_boyfriend,-1.14,-0.57,0.39,-1.14,-0.57,0.39
ex_convict,-1,-0.91,0.31,-1,-0.91,0.31
ex_girlfriend,-1,0.02,0.84,-1,0.02,0.84
ex_husband,-1.41,-0.51,0.13,-1.41,-0.51,0.13
ex_wife,-1.52,0.17,0.98,-1.52,0.17,0.98
executioner,-1.77,2.77,0.25,-1.77,2.77,0.25
executive,0.82,2.73,1.5,0.82,2.73,1.5
expert,1.98,2.8,0.48,1.98,2.8,0.48
extrovert,1.33,1.69,2.66,1.33,1.69,2.66
eyewitness,1.6,1.82,-0.12,1.6,1.82,-0.12
failure,-2.22,-0.82,-0.66,-2.22,-0.82,-0.66
fan,1.67,0.76,2.24,1.67,0.76,2.24
fanatic,-0.42,0.57,2.46,-0.42,0.57,2.46
farm_laborer,1.47,-0.01,-0.2,1.47,-0.01,-0.2
farmer,2.13,0.5,-0.48,2.13,0.5,-0.48
fast_food_server,0.67,-1.05,0.9,0.67,-1.05,0.9
father,2.69,2.93,0.51,2.69,2.93,0.51
father_my,2.22,2.22,0.1,2.22,2.22,0.1
father_in_law,1.37,1.6,0.13,1.37,1.6,0.13
fellow,1.36,0.58,-0.04,1.36,0.58,-0.04
felon,-2.67,-0.4,0.77,-2.67,-0.4,0.77
female,1.86,1.2,0.86,1.86,1.2,0.86
feminist,0.83,0.86,1.55,0.83,0.86,1.55
fiance,2.28,1.83,0.63,2.28,1.83,0.63
fiancee,2.24,1.69,0.65,2.24,1.69,0.65
fiend,-1.37,0.66,0.8,-1.37,0.66,0.8
fighter,0.62,2.36,2.17,0.62,2.36,2.17
file_clerk,0.58,-0.67,-1.05,0.58,-0.67,-1.05
film_star,0.48,1.77,1.76,0.48,1.77,1.76
fire_investigator,1.95,1.66,0.43,1.95,1.66,0.43
firefighter,3.27,2.85,2.29,3.27,2.85,2.29
firstborn,1.9,1.71,0.73,1.9,1.71,0.73
fisherman,1.47,0.41,-0.87,1.47,0.41,-0.87
flight_attendant,1.51,0.44,0.31,1.51,0.44,0.31
flirt,0.55,1.01,1.48,0.55,1.01,1.48
flunky,-1.7,-1.79,-0.53,-1.7,-1.79,-0.53
follower,-0.02,-1.21,-1.01,-0.02,-1.21,-1.01
fool,-1.47,-1.6,0.74,-1.47,-1.6,0.74
foreigner,0.92,-0.7,0.19,0.92,-0.7,0.19
foreman,0.64,1.3,0.34,0.64,1.3,0.34
forest_ranger,2.01,0.96,-0.22,2.01,0.96,-0.22
foster_child,1.24,-0.4,0.02,1.24,-0.4,0.02
foster_daughter,1.5,0.08,-0.33,1.5,0.08,-0.33
foster_father,1.89,1.68,0.19,1.89,1.68,0.19
foster_mother,2.24,1.77,0.29,2.24,1.77,0.29
foster_parent,2.16,1.83,0.36,2.16,1.83,0.36
foster_son,0.92,-0.52,-0.11,0.92,-0.52,-0.11
freak,-0.42,-0.36,0.61,-0.42,-0.36,0.61
freeloader,-2.27,-1.9,-0.4,-2.27,-1.9,-0.4
friend,3.38,2.58,1.06,3.38,2.58,1.06
fugitive,-1.83,-0.9,0.33,-1.83,-0.9,0.33
fundamentalist,-0.21,0.61,0.62,-0.21,0.61,0.62
fundraiser,2.55,2.18,1.4,2.55,2.18,1.4
funeral_director,0.8,0.57,-1.36,0.8,0.57,-1.36
gal,1.9,0.74,0.61,1.9,0.74,0.61
gambler,-1.18,-1.2,1.28,-1.18,-1.2,1.28
gamer,0.23,-0.2,0.52,0.23,-0.2,0.52
gangster,-2.18,1.27,1.95,-2.18,1.27,1.95
garbage_collector,1.25,-0.49,0.42,1.25,-0.49,0.42
gas_station_attendant,0.74,-1.05,-0.44,0.74,-1.05,-0.44
gay,0.59,-0.04,0.73,0.59,-0.04,0.73
geek,1.49,0.53,-0.95,1.49,0.53,-0.95
genius,2.02,2.63,0.05,2.02,2.63,0.05
gentleman,3.05,2.18,-0.25,3.05,2.18,-0.25
geologist,1.34,0.49,-1.01,1.34,0.49,-1.01
girl,2.1,1.41,0.74,2.1,1.41,0.74
girl_scout,2.12,0.04,0.99,2.12,0.04,0.99
girlfriend,2.08,1.37,1.01,2.08,1.37,1.01
glutton,-1.96,-0.56,-0.37,-1.96,-0.56,-0.37
gold_digger,-2.43,-0.42,0.65,-2.43,-0.42,0.65
golfer,0.78,0.34,-1.33,0.78,0.34,-1.33
goon,-1.31,-0.19,0.89,-1.31,-0.19,0.89
gossip,-2.09,0.6,1.47,-2.09,0.6,1.47
governor,0.57,2.2,0.76,0.57,2.2,0.76
graduate_student,1.91,1.11,0.05,1.91,1.11,0.05
grandchild,2.39,-0.48,2.24,2.39,-0.48,2.24
granddaughter,2.01,0.53,1.13,2.01,0.53,1.13
grandfather,2.85,1.82,-1.01,2.85,1.82,-1.01
grandmother,2.76,0.89,-1.03,2.76,0.89,-1.03
grandparent,2.52,1.78,-1.28,2.52,1.78,-1.28
grandson,2.11,0.53,1.45,2.11,0.53,1.45
granny,2.76,0.75,-1.52,2.76,0.75,-1.52
grind,0.21,1.41,0.82,0.21,1.41,0.82
grouch,-2.4,-1.3,-0.53,-2.4,-1.3,-0.53
grownup,0.99,1.8,0.06,0.99,1.8,0.06
guest,1.49,0.29,0.27,1.49,0.29,0.27
gunman,-2.33,2.3,1.14,-2.33,2.3,1.14
guy,0.71,1.37,0.95,0.71,1.37,0.95
hairdresser,1.56,-0.01,1.01,1.56,-0.01,1.01
hairstylist,1.62,0.39,0.71,1.62,0.39,0.71
half_brother,0.87,0.41,0.33,0.87,0.41,0.33
half_sister,0.77,0.3,0.39,0.77,0.3,0.39
half_wit,-1.49,-1.76,-0.72,-1.49,-1.76,-0.72
handicapped_person,0.56,-0.72,-1.03,0.56,-0.72,-1.03
handyman,1.76,1.04,0.46,1.76,1.04,0.46
has_been,-0.87,-2.02,-0.94,-0.87,-2.02,-0.94
heel,0.15,0.26,0.28,0.15,0.26,0.28
helper,2.79,1.92,0.38,2.79,1.92,0.38
henchman,-1.83,-0.11,0.53,-1.83,-0.11,0.53
hermit,-0.05,-1.28,-2.29,-0.05,-1.28,-2.29
hero,3.63,3.45,1.54,3.63,3.45,1.54
heterosexual,1.29,1.03,0.31,1.29,1.03,0.31
hick,-0.44,-0.77,0.57,-0.44,-0.77,0.57
hillbilly,-0.46,-1.09,0.38,-0.46,-1.09,0.38
hippie,0.77,-0.47,-0.31,0.77,-0.47,-0.31
hipster,0.05,-0.54,-0.15,0.05,-0.54,-0.15
homeless_person,-0.57,-2.43,-1.02,-0.57,-2.43,-1.02
homosexual,0.4,0.07,0.63,0.4,0.07,0.63
hooker,-1.2,-1.29,1.01,-1.2,-1.29,1.01
host,2.08,1.62,1.26,2.08,1.62,1.26
hostage,-1.42,-2.91,-1.33,-1.42,-2.91,-1.33
hostess,1.94,0.39,0.92,1.94,0.39,0.92
hothead,-1.92,-0.42,2.59,-1.92,-0.42,2.59
hotshot,-0.88,0.89,2.32,-0.88,0.89,2.32
housebreaker,-2.82,0.84,0.74,-2.82,0.84,0.74
houseguest,1.38,-0.18,0.24,1.38,-0.18,0.24
housekeeper,1.4,-0.74,-0.53,1.4,-0.74,-0.53
housewife,1.79,0.39,-0.14,1.79,0.39,-0.14
hunk,0.91,1.69,1.01,0.91,1.69,1.01
husband,1.95,1.64,0.38,1.95,1.64,0.38
hypochondriac,-1.13,-1.69,0.43,-1.13,-1.69,0.43
hypocrite,-2.6,-1.23,1.11,-2.6,-1.23,1.11
idiot,-2.11,-1.86,0.41,-2.11,-1.86,0.41
illegitimate_child,-0.68,-0.63,0.04,-0.68,-0.63,0.04
imbecile,-2.41,-1.87,-0.08,-2.41,-1.87,-0.08
immigrant,0.63,-0.66,-0.29,0.63,-0.66,-0.29
immigration_officer,0.14,1.63,0.72,0.14,1.63,0.72
in_law,0.5,0.93,1.13,0.5,0.93,1.13
infant,2.26,-2.35,1.23,2.26,-2.35,1.23
informant,0.32,1.49,0,0.32,1.49,0
informer,0.47,1.34,0.17,0.47,1.34,0.17
inmate,-1.75,-1.63,0.35,-1.75,-1.63,0.35
innocent,1.91,-0.72,-0.99,1.91,-0.72,-0.99
insider,0.62,1.9,-0.28,0.62,1.9,-0.28
inspector,0.57,1.54,-0.67,0.57,1.54,-0.67
instructor,1.74,2.11,0.56,1.74,2.11,0.56
insurance_agent,0.52,0.68,0.24,0.52,0.68,0.24
insurance_claims_investigator,0.07,1.22,-0.06,0.07,1.22,-0.06
intellectual,2.15,2.48,0.11,2.15,2.48,0.11
intern,1.41,-1.39,0.05,1.41,-1.39,0.05
interpreter,2.26,1.97,0.8,2.26,1.97,0.8
interrogator,-0.4,2.05,1.09,-0.4,2.05,1.09
interviewer,0.57,1.71,0.78,0.57,1.71,0.78
intimate,2.04,1.77,-0.15,2.04,1.77,-0.15
introvert,0,-0.89,-2.45,0,-0.89,-2.45
intruder,-3.03,0.91,-0.05,-3.03,0.91,-0.05
invalid,-0.77,-1.73,-0.9,-0.77,-1.73,-0.9
investigator,1.67,2.01,-0.04,1.67,2.01,-0.04
jackass,-2.77,-0.83,2.3,-2.77,-0.83,2.3
janitor,1.45,-0.87,-0.94,1.45,-0.87,-0.94
jerk,-2.63,-0.29,1.8,-2.63,-0.29,1.8
jeweler,0.85,0.65,-0.64,0.85,0.65,-0.64
job_seeker,1.56,-0.33,0.59,1.56,-0.33,0.59
jock,0.34,1.76,2.05,0.34,1.76,2.05
journalist,0.85,1.55,1.02,0.85,1.55,1.02
judge,1.15,2.53,-0.22,1.15,2.53,-0.22
junkie,-2.1,-2.04,-0.04,-2.1,-2.04,-0.04
juror,0.84,2.37,-1.02,0.84,2.37,-1.02
jury_foreman,0.47,1.23,0.01,0.47,1.23,0.01
juvenile,-0.31,-1.16,1.23,-0.31,-1.16,1.23
kid,1.39,-1.27,2.2,1.39,-1.27,2.2
kidnapper,-3.77,1.04,-0.05,-3.77,1.04,-0.05
killjoy,-2.36,0.74,-0.06,-2.36,0.74,-0.06
klutz,-0.84,-1.27,1.36,-0.84,-1.27,1.36
know_it_all,-1.46,0.28,1.82,-1.46,0.28,1.82
kook,-0.21,-0.11,0.87,-0.21,-0.11,0.87
labor_union_leader,0.85,2.14,1.92,0.85,2.14,1.92
laborer,1.02,-0.11,0.32,1.02,-0.11,0.32
lackey,-0.87,-1.59,-0.67,-0.87,-1.59,-0.67
lady,1.9,1.06,0.03,1.9,1.06,0.03
laid_off_worker,-1.18,-2.02,-1.02,-1.18,-2.02,-1.02
landlady,0.08,1.68,0.59,0.08,1.68,0.59
landlord,0.14,2,0.67,0.14,2,0.67
landscape_architect,1.59,1.14,-0.39,1.59,1.14,-0.39
landscaper,1.29,0.15,0.28,1.29,0.15,0.28
law_student,1.35,1.55,0.17,1.35,1.55,0.17
lawyer,0.83,2.63,1.75,0.83,2.63,1.75
leader,2.3,3.03,1.23,2.3,3.03,1.23
lecturer,1.29,1.7,0.39,1.29,1.7,0.39
legislator,-0.07,2.18,0.31,-0.07,2.18,0.31
lesbian,0.56,0.09,0.45,0.56,0.09,0.45
liar,-2.92,-0.01,0.37,-2.92,-0.01,0.37
liberal,0.76,0.76,1.14,0.76,0.76,1.14
librarian,1.83,-0.28,-2.06,1.83,-0.28,-2.06
library_assistant,1.78,-0.06,-2.02,1.78,-0.06,-2.02
little_brother,1.71,-0.39,1.88,1.71,-0.39,1.88
little_sister,1.86,-0.41,1.55,1.86,-0.41,1.55
loafer,-1,-1.36,-1.71,-1,-1.36,-1.71
loan_shark,-1.94,1.93,1.04,-1.94,1.93,1.04
lobby_attendant,1.29,-0.4,-0.13,1.29,-0.4,-0.13
lobbyist,0.01,1.53,1.67,0.01,1.53,1.67
locksmith,1.16,0.81,-0.27,1.16,0.81,-0.27
logger,0.7,1.18,0.83,0.7,1.18,0.83
loner,-0.35,-0.85,-2.02,-0.35,-0.85,-2.02
loser,-1.75,-2.57,-1.2,-1.75,-2.57,-1.2
louse,-1.42,-0.97,0.2,-1.42,-0.97,0.2
lout,-0.99,-0.34,0.08,-0.99,-0.34,0.08
lover,2.76,2.49,0.36,2.76,2.49,0.36
lunatic,-2.27,-0.37,1.81,-2.27,-0.37,1.81
machine_operator_in_a_factory,0.94,0.29,1.1,0.94,0.29,1.1
machine_repairer,1.36,1.02,0.68,1.36,1.02,0.68
madman,-2.34,0.64,2.39,-2.34,0.64,2.39
mafioso,-0.96,1.41,0.33,-0.96,1.41,0.33
magician,1.13,0.78,1.83,1.13,0.78,1.83
maid,1.47,-1,-0.73,1.47,-1,-0.73
maiden,0.95,-0.67,-0.63,0.95,-0.67,-0.63
mail_carrier,1.93,0.02,-0.44,1.93,0.02,-0.44
malcontent,-1.46,-0.24,0.18,-1.46,-0.24,0.18
male,0.97,2.01,1.09,0.97,2.01,1.09
malingerer,-1.5,-0.13,-0.71,-1.5,-0.13,-0.71
man,1.1,1.63,0.62,1.1,1.63,0.62
manager,1.15,2.61,1.29,1.15,2.61,1.29
manager_of_branch_store,1.23,1.42,1.25,1.23,1.42,1.25
maniac,-2.04,0.46,2.09,-2.04,0.46,2.09
marine,2.47,2.69,1.27,2.47,2.69,1.27
mastermind,0.7,2.93,0.72,0.7,2.93,0.72
maverick,0.84,1.3,1.39,0.84,1.3,1.39
mayor,1.03,2.02,0.75,1.03,2.02,0.75
mechanical_engineer,1.63,1.69,-0.06,1.63,1.69,-0.06
medic,2.78,2.62,1.86,2.78,2.62,1.86
menace,-2.51,0.62,1.55,-2.51,0.62,1.55
mental_case,-1.51,-0.72,0.57,-1.51,-0.72,0.57
mental_patient,-0.54,-1.68,-0.1,-0.54,-1.68,-0.1
mentor,3.17,3.06,0.18,3.17,3.06,0.18
merchant,0.7,0.51,1.14,0.7,0.51,1.14
midget,0.48,-0.75,-0.02,0.48,-0.75,-0.02
migrant_worker,0.79,-0.97,0.1,0.79,-0.97,0.1
millionaire,0.57,2.5,1.09,0.57,2.5,1.09
miner,0.94,-0.13,0.59,0.94,-0.13,0.59
minister,1.57,1.76,0.26,1.57,1.76,0.26
minor,0.3,-1.55,0.9,0.3,-1.55,0.9
minority,1.01,-0.67,0.11,1.01,-0.67,0.11
miser,-1.61,-0.7,-1.26,-1.61,-0.7,-1.26
missionary,2.12,1.41,-0.14,2.12,1.41,-0.14
mistress,-2.34,-0.35,0.31,-2.34,-0.35,0.31
mobster,-2.45,2.54,1.61,-2.45,2.54,1.61
moron,-2.06,-2.07,-0.03,-2.06,-2.07,-0.03
motel_owner,0.31,0.31,0.11,0.31,0.31,0.11
mother,3.05,2.66,0.76,3.05,2.66,0.76
mother_in_law,0.92,1.07,1.15,0.92,1.07,1.15
mother_in_law_maternal,0.68,1.33,1.2,0.68,1.33,1.2
mourner,-0.15,-1.6,-1.65,-0.15,-1.6,-1.65
mugger,-3.47,1.03,1.31,-3.47,1.03,1.31
murderer,-3.79,1.71,-0.06,-3.79,1.71,-0.06
murderess,-3.18,1.25,0.22,-3.18,1.25,0.22
music_director,1.45,1.41,1.27,1.45,1.41,1.27
musician,1.77,1.25,1.47,1.77,1.25,1.47
myself_as_I_really_am,2.06,1.14,0.53,2.06,1.14,0.53
myself_as_I_would_like_to_be,3.17,2.51,0.91,3.17,2.51,0.91
myself_as_others_see_me,2.25,1.22,0.38,2.25,1.22,0.38
myself_as_others_would_like_me_to_be,2.2,1.06,0.68,2.2,1.06,0.68
negotiator,1.9,2.17,0.43,1.9,2.17,0.43
neighbor,1.46,0.49,0.07,1.46,0.49,0.07
nephew,2.12,0.09,1.54,2.12,0.09,1.54
neurotic,-1.17,-0.58,1.52,-1.17,-0.58,1.52
newcomer,0.74,-0.96,-0.89,0.74,-0.96,-0.89
newlywed,2.13,1.45,1.6,2.13,1.45,1.6
newscaster,0.84,1.6,2.1,0.84,1.6,2.1
niece,1.95,-0.1,0.67,1.95,-0.1,0.67
night_watchman,1.56,1.18,-1.33,1.56,1.18,-1.33
ninny,-1.35,-2,-0.78,-1.35,-2,-0.78
nitwit,-1.63,-1.82,-0.11,-1.63,-1.82,-0.11
nobody,-0.48,-2.77,-2.29,-0.48,-2.77,-2.29
nonconformist,0.68,0.76,0.69,0.68,0.76,0.69
nonsmoker,2.07,1.27,-0.16,2.07,1.27,-0.16
novice,-0.08,-1.59,-0.74,-0.08,-1.59,-0.74
nurse,2.84,1.75,0.53,2.84,1.75,0.53
nursing_assistant,2.32,0.94,0.38,2.32,0.94,0.38
nut,-0.01,-0.74,0.38,-0.01,-0.74,0.38
nutritionist,2.3,1.2,0.16,2.3,1.2,0.16
oddball,0.24,-0.54,0,0.24,-0.54,0
offender,-2.37,0.54,1.22,-2.37,0.54,1.22
old_geezer,0.28,-0.75,-1.8,0.28,-0.75,-1.8
old_man,1.4,-0.56,-2.05,1.4,-0.56,-2.05
online_merchant,0.8,0.86,0.25,0.8,0.86,0.25
onlooker,-0.02,-0.82,-1.23,-0.02,-0.82,-1.23
ophthalmologist,1.6,1.43,-0.34,1.6,1.43,-0.34
opponent,-0.19,1.17,1.01,-0.19,1.17,1.01
opportunist,1.27,2.07,1.61,1.27,2.07,1.61
optical_engineer,1.56,1.25,-0.45,1.56,1.25,-0.45
optimist,2.83,2.38,1.2,2.83,2.38,1.2
organizer,2.07,1.68,0.48,2.07,1.68,0.48
orphan,0,-1.98,-1.14,0,-1.98,-1.14
outlaw,-1.75,0.58,0.83,-1.75,0.58,0.83
outsider,0.03,-0.94,-0.73,0.03,-0.94,-0.73
pagan,-0.49,-0.34,0.1,-0.49,-0.34,0.1
pal,2.75,1.69,0.8,2.75,1.69,0.8
paranoid,-1.25,-1.38,0.56,-1.25,-1.38,0.56
parent,2.55,3.06,0.96,2.55,3.06,0.96
parking_attendant,0.29,-0.29,-0.4,0.29,-0.29,-0.4
parolee,-0.62,-0.71,0.21,-0.62,-0.71,0.21
part_time_employee,0.93,-0.61,-0.03,0.93,-0.61,-0.03
partner,2.31,1.53,0.42,2.31,1.53,0.42
passenger,0.64,-0.63,-0.09,0.64,-0.63,-0.09
passerby,0.29,-0.63,-0.54,0.29,-0.63,-0.54
pastor,1.89,2.31,0.72,1.89,2.31,0.72
patient,0.57,-1.49,-1.28,0.57,-1.49,-1.28
patriot,1.69,1.59,1.54,1.69,1.59,1.54
patrolman,1.01,1.24,0.33,1.01,1.24,0.33
pawnbroker,-0.39,0.42,0.95,-0.39,0.42,0.95
pedestrian,0.66,-0.56,-0.54,0.66,-0.56,-0.54
pediatrician,3.01,2.52,0.53,3.01,2.52,0.53
peer,1.8,0.77,0.4,1.8,0.77,0.4
person,0.93,0.95,0.35,0.93,0.95,0.35
pessimist,-1.88,-0.89,-0.77,-1.88,-0.89,-0.77
pest,-2.41,-0.03,1.73,-2.41,-0.03,1.73
pharmacist,2.09,1.38,-0.42,2.09,1.38,-0.42
philanthropist,2.56,1.98,0.28,2.56,1.98,0.28
philosopher,1.47,0.89,-1.03,1.47,0.89,-1.03
phony,-2.93,-1.75,0.99,-2.93,-1.75,0.99
photographer,1.68,1.2,-0.68,1.68,1.2,-0.68
physician,2.41,2.35,-0.04,2.41,2.35,-0.04
physicist,1.6,1.41,-0.43,1.6,1.41,-0.43
pickpocket,-2.95,0.43,-0.26,-2.95,0.43,-0.26
pimp,-3.03,1.54,1.56,-3.03,1.54,1.56
plaintiff,0.17,0.65,0.22,0.17,0.65,0.22
playboy,-1.04,0.46,1.96,-1.04,0.46,1.96
plumber,1.51,0.39,-0.11,1.51,0.39,-0.11
police_officer,1.05,2.49,1.43,1.05,2.49,1.43
policeman,0.91,2.29,1.3,0.91,2.29,1.3
policewoman,1.29,1.95,1.34,1.29,1.95,1.34
political_scientist,0.81,0.86,0.3,0.81,0.86,0.3
politician,-0.85,2.08,1.44,-0.85,2.08,1.44
pornographer,-1.26,0.51,0.92,-1.26,0.51,0.92
poser,-1.99,-1.73,0.36,-1.99,-1.73,0.36
pothead,-0.8,-1.39,-1.88,-0.8,-1.39,-1.88
preacher,1.4,2.05,0.87,1.4,2.05,0.87
president,1.29,2.98,1.13,1.29,2.98,1.13
priest,1.89,2.13,-0.91,1.89,2.13,-0.91
principal,1.57,2.42,0.74,1.57,2.42,0.74
prisoner,-1.81,-2.27,-0.43,-1.81,-2.27,-0.43
private_eye,0.35,1.47,-1.21,0.35,1.47,-1.21
probation_officer,0.12,2.09,0.73,0.12,2.09,0.73
probationer,-0.15,0.58,0.41,-0.15,0.58,0.41
prodigy,2.18,2.41,0.88,2.18,2.41,0.88
professional,1.72,2.23,0.09,1.72,2.23,0.09
professor,1.83,2.27,0.24,1.83,2.27,0.24
prosecuting_attorney,0.17,2.28,1.77,0.17,2.28,1.77
prosecutor,0.15,2.53,1.46,0.15,2.53,1.46
prostitute,-1.35,-1.35,0.93,-1.35,-1.35,0.93
prude,-1.09,-0.43,-0.61,-1.09,-0.43,-0.61
psychiatric_patient,-0.22,-1.48,0.1,-0.22,-1.48,0.1
psychiatrist,1.68,1.71,-1.02,1.68,1.71,-1.02
psychoanalyst,0.82,1.22,-0.58,0.82,1.22,-0.58
psychologist,1.61,1.44,-0.89,1.61,1.44,-0.89
psychopath,-2.4,0.33,0.97,-2.4,0.33,0.97
psychotic,-1.7,-0.38,1.28,-1.7,-0.38,1.28
public_relations_specialist,1.5,1.74,1.24,1.5,1.74,1.24
punk,-1.29,-0.98,1.25,-1.29,-0.98,1.25
pupil,1.76,0.16,-0.19,1.76,0.16,-0.19
puritan,0.31,-0.24,-0.83,0.31,-0.24,-0.83
pusher,-1.26,1.14,1.46,-1.26,1.14,1.46
quack,-1.37,-1.03,1.33,-1.37,-1.03,1.33
queer,0.19,-0.38,0.97,0.19,-0.38,0.97
rabbi,1.97,1.99,-0.62,1.97,1.99,-0.62
racist,-3.6,-1.01,1.43,-3.6,-1.01,1.43
racketeer,-0.97,0.77,1.29,-0.97,0.77,1.29
radio_and_television_announcer,0.76,1.24,2.44,0.76,1.24,2.44
railroad_conductor,1.05,1.18,0.94,1.05,1.18,0.94
railroad_engineer,1.17,1.05,1.07,1.17,1.05,1.07
rake,0.94,-0.18,0.17,0.94,-0.18,0.17
rancher,1.06,0.38,-0.05,1.06,0.38,-0.05
rapist,-3.87,1.21,1.17,-3.87,1.21,1.17
rat,-1.98,-1.49,0.62,-1.98,-1.49,0.62
real_estate_agent,0.79,1.04,1.21,0.79,1.04,1.21
receptionist,1.27,-0.16,-0.04,1.27,-0.16,-0.04
redneck,-0.83,-0.45,1.82,-0.83,-0.45,1.82
referee,0.71,2.06,1.45,0.71,2.06,1.45
relation,1.88,1.74,0.14,1.88,1.74,0.14
relative,2.35,1.59,0.96,2.35,1.59,0.96
reporter,0.66,1.46,2.08,0.66,1.46,2.08
republican,0.15,0.92,0.62,0.15,0.92,0.62
researcher,1.93,1.8,-0.56,1.93,1.8,-0.56
reservist,0.91,0.16,-0.82,0.91,0.16,-0.82
restaurant_operator,1.33,1.65,1.92,1.33,1.65,1.92
retailer,0.54,0.79,1.01,0.54,0.79,1.01
retiree,1.17,-0.15,-1.48,1.17,-0.15,-1.48
ringleader,0.12,2.52,1.81,0.12,2.52,1.81
rival,-0.88,1.28,1.32,-0.88,1.28,1.32
robber,-3.21,0.53,-0.04,-3.21,0.53,-0.04
roofer,0.86,0.41,0.92,0.86,0.41,0.92
rookie_cop,0.38,-0.62,0.2,0.38,-0.62,0.2
roommate,1.32,0.63,0.6,1.32,0.63,0.6
runaway,-0.66,-0.62,0.34,-0.66,-0.62,0.34
sadist,-2.34,0.87,0.55,-2.34,0.87,0.55
safecracker,-1.18,0.95,-0.49,-1.18,0.95,-0.49
saint,3.12,2.47,-1.21,3.12,2.47,-1.21
salesclerk,0.77,-0.01,1.08,0.77,-0.01,1.08
salesperson,0.15,0.39,2.14,0.15,0.39,2.14
scapegoat,-1.4,-1.59,-0.87,-1.4,-1.59,-0.87
scatterbrain,-1.4,-1.2,1.81,-1.4,-1.2,1.81
schizophrenic,-0.92,-1.08,1.52,-0.92,-1.08,1.52
scholar,2.48,2.24,-0.45,2.48,2.24,-0.45
scientist,1.89,1.84,-0.35,1.89,1.84,-0.35
scoundrel,-2.61,-0.46,1.4,-2.61,-0.46,1.4
scrooge,-2.27,-0.37,-0.71,-2.27,-0.37,-0.71
secretary,1.59,-0.22,-0.31,1.59,-0.22,-0.31
security_guard,1.38,1.49,-0.11,1.38,1.49,-0.11
self_employed_worker,1.87,1.81,0.85,1.87,1.81,0.85
senator,0,2.12,0.81,0,2.12,0.81
senior_citizen,1.67,-0.69,-1.74,1.67,-0.69,-1.74
servant,0.53,-1.83,-1.24,0.53,-1.83,-1.24
server,1.77,-0.07,0.71,1.77,-0.07,0.71
sewing_machine_operator,1.03,-0.53,-0.07,1.03,-0.53,-0.07
sheet_metal_worker,0.91,0.31,1.15,0.91,0.31,1.15
sheriff,1.07,2.42,1.07,1.07,2.42,1.07
ship_captain,1.89,2.54,1.47,1.89,2.54,1.47
ship_engineer,1.62,1.93,0.38,1.62,1.93,0.38
shoe_repairman,1.49,0.15,-0.45,1.49,0.15,-0.45
shop_clerk,1.27,-0.38,0.1,1.27,-0.38,0.1
shopkeeper,1.15,0.25,0.22,1.15,0.25,0.22
shoplifter,-2.35,-0.57,-0.3,-2.35,-0.57,-0.3
shopper,0.82,0.52,0.6,0.82,0.52,0.6
shrew,-1.05,-1.14,0.18,-1.05,-1.14,0.18
shrimp,0.96,-2.18,-1.11,0.96,-2.18,-1.11
shrink,0.99,1.01,-0.9,0.99,1.01,-0.9
shut_in,-0.92,-1.96,-2.24,-0.92,-1.96,-2.24
shyster,-1.12,-1.09,-0.94,-1.12,-1.09,-0.94
sibling,2.31,1.49,1.43,2.31,1.49,1.43
sidekick,1.67,-0.06,0.41,1.67,-0.06,0.41
simpleton,-0.38,-1.57,-1.41,-0.38,-1.57,-1.41
single_parent,1.07,1.16,0.57,1.07,1.16,0.57
sinner,-1.72,-0.75,0.77,-1.72,-0.75,0.77
sissy,-1.32,-1.86,-0.6,-1.32,-1.86,-0.6
sister,1.91,1.23,1.06,1.91,1.23,1.06
sister_in_law,1.01,0.06,0.33,1.01,0.06,0.33
skeptic,-0.05,0.28,-0.07,-0.05,0.28,-0.07
skilled_worker,2.38,2.07,0.52,2.38,2.07,0.52
slave,-1.86,-2.85,-1.28,-1.86,-2.85,-1.28
slave_driver,-3.28,1.6,1.66,-3.28,1.6,1.66
sleuth,-0.4,0.82,-1.26,-0.4,0.82,-1.26
slob,-2.4,-1.22,-0.89,-2.4,-1.22,-0.89
slut,-1.89,-0.96,1.35,-1.89,-0.96,1.35
smart_aleck,-1.24,-0.19,2.04,-1.24,-0.19,2.04
smoker,-1.63,-1.26,-0.51,-1.63,-1.26,-0.51
snob,-2.34,-0.43,0.95,-2.34,-0.43,0.95
snoop,-1.91,0.03,-1.61,-1.91,0.03,-1.61
snot,-2.11,-0.89,0.77,-2.11,-0.89,0.77
social_worker,2.12,1.27,-0.1,2.12,1.27,-0.1
socialist,-0.12,0.39,0.43,-0.12,0.39,0.43
soldier,1.84,1.88,1.45,1.84,1.88,1.45
son,1.68,1.4,0.86,1.68,1.4,0.86
son_in_law,1.04,0.32,0.07,1.04,0.32,0.07
sophisticate,1.55,1.9,0.07,1.55,1.9,0.07
sophomore,0.96,0.14,0.55,0.96,0.14,0.55
sorehead,-1.93,-0.76,0.11,-1.93,-0.76,0.11
soulmate,3.26,2.85,0.4,3.26,2.85,0.4
specialist,2.01,2.11,0.52,2.01,2.11,0.52
spectator,0.49,-0.6,-0.21,0.49,-0.6,-0.21
speech_language_pathologist,1.86,1.22,-0.43,1.86,1.22,-0.43
speeder,-1.2,0.7,2.84,-1.2,0.7,2.84
spoilsport,-1.91,-0.25,0.9,-1.91,-0.25,0.9
spook,-1.07,0.23,0.98,-1.07,0.23,0.98
sports_fan,1.24,0.33,3.08,1.24,0.33,3.08
spouse,2.7,1.94,0.39,2.7,1.94,0.39
spy,-0.05,1.66,-1.03,-0.05,1.66,-1.03
star,1.95,2.45,0.85,1.95,2.45,0.85
state_trooper,0.33,2.23,1.08,0.33,2.23,1.08
statistician,0.91,0.63,-0.7,0.91,0.63,-0.7
steel_worker,0.83,0.53,1.05,0.83,0.53,1.05
stenographer,0.74,0.06,-0.4,0.74,0.06,-0.4
stepbrother,0.46,0.25,0.51,0.46,0.25,0.51
stepchild,0.2,-0.29,0.22,0.2,-0.29,0.22
stepdaughter,0.92,0.17,0.46,0.92,0.17,0.46
stepfather,0.24,0.7,0.19,0.24,0.7,0.19
stepmother,0.12,0.35,0.36,0.12,0.35,0.36
stepparent,-0.1,-0.05,-0.05,-0.1,-0.05,-0.05
stepsister,0.5,0.19,0.31,0.5,0.19,0.31
stepson,0.54,-0.08,0.56,0.54,-0.08,0.56
stockbroker,0.27,1.82,1.51,0.27,1.82,1.51
stockholder,0.58,1.12,0.53,0.58,1.12,0.53
storyteller,2.15,1.62,0.3,2.15,1.62,0.3
stranger,-0.15,-0.13,-0.2,-0.15,-0.13,-0.2
street_musician,1.23,-0.45,1.71,1.23,-0.45,1.71
street_preacher,-0.36,-0.4,2.06,-0.36,-0.4,2.06
streetwalker,-0.81,-1.33,0,-0.81,-1.33,0
stripper,-1.12,-1.14,1.13,-1.12,-1.14,1.13
student,1.67,0.48,0.11,1.67,0.48,0.11
student_teacher,1.8,0.32,0.47,1.8,0.32,0.47
subordinate,0.2,-1.28,-0.85,0.2,-1.28,-0.85
sucker,-1.39,-1.93,-0.53,-1.39,-1.93,-0.53
superior,0.68,2.66,1.07,0.68,2.66,1.07
superordinate,0.36,0.77,0.35,0.36,0.77,0.35
supervisor,0.76,1.99,0.73,0.76,1.99,0.73
supporter,2.72,2.22,1.12,2.72,2.22,1.12
surgeon,2.92,3.05,-0.33,2.92,3.05,-0.33
survivor,2.9,2.8,0.63,2.9,2.8,0.63
suspect,-0.97,-0.94,-0.3,-0.97,-0.94,-0.3
sweetheart,2.75,1.54,0.07,2.75,1.54,0.07
switchboard_operator,0.79,0.54,0.74,0.79,0.54,0.74
systems_engineer,1.36,1.41,-0.06,1.36,1.41,-0.06
tailor,1.25,0.09,-0.6,1.25,0.09,-0.6
tax_preparer,0.69,1.31,-0.7,0.69,1.31,-0.7
taxi_driver,0.75,-0.34,1.67,0.75,-0.34,1.67
taxpayer,1.3,-0.2,-0.14,1.3,-0.2,-0.14
teacher,2.5,2.31,0.32,2.5,2.31,0.32
teammate,2.76,2.17,1.72,2.76,2.17,1.72
tease,-1.29,0.41,0.81,-1.29,0.41,0.81
technician,1.67,1.08,0.45,1.67,1.08,0.45
teenager,0.24,-0.58,1.78,0.24,-0.58,1.78
teetotaler,-0.25,-0.33,0.08,-0.25,-0.33,0.08
telemarketer,-1.76,-1.55,1.76,-1.76,-1.55,1.76
telephone_installer,0.93,-0.11,0.04,0.93,-0.11,0.04
telephone_operator,0.4,-0.18,0.57,0.4,-0.18,0.57
temporary_worker,0.53,-1.28,-0.28,0.53,-1.28,-0.28
tenant,0.73,-0.69,-0.04,0.73,-0.69,-0.04
terrorist,-3.8,2.16,1.13,-3.8,2.16,1.13
textile_worker,0.82,-0.68,0.2,0.82,-0.68,0.2
thief,-3.13,-0.05,-0.62,-3.13,-0.05,-0.62
thug,-2.41,0.38,1.29,-2.41,0.38,1.29
ticket_taker,0.36,-0.47,0.09,0.36,-0.47,0.09
toddler,1.28,-1.6,2.1,1.28,-1.6,2.1
tomboy,0.72,0.73,0.86,0.72,0.73,0.86
tool_and_die_maker,0.8,0.19,-0.15,0.8,0.19,-0.15
topless_dancer,-0.63,-0.49,1.54,-0.63,-0.49,1.54
tot,0.77,-1.6,1.27,0.77,-1.6,1.27
tourist,0.55,-0.83,1.19,0.55,-0.83,1.19
trainee,0.88,-1.42,-0.62,0.88,-1.42,-0.62
traitor,-2.8,0.12,-0.51,-2.8,0.12,-0.51
tramp,-2.18,-1.43,1.11,-2.18,-1.43,1.11
transportation_ticket_agent,0.4,0.01,0.26,0.4,0.01,0.26
travel_agent,1.43,0.54,0.98,1.43,0.54,0.98
traveler,1.55,0.73,0.57,1.55,0.73,0.57
trespasser,-2.26,0.04,-0.73,-2.26,0.04,-0.73
troublemaker,-2.2,0.65,2.26,-2.2,0.65,2.26
truant,-0.69,0.03,0.26,-0.69,0.03,0.26
truck_driver,0.61,0.55,0.51,0.61,0.55,0.51
truelove,3.29,3.14,0.47,3.29,3.14,0.47
tutor,2.39,1.66,-0.31,2.39,1.66,-0.31
tv_repairman,0.96,-0.04,-0.21,0.96,-0.04,-0.21
typist,0.61,-0.38,1.04,0.61,-0.38,1.04
umpire,0.97,1.86,1.51,0.97,1.86,1.51
uncle,1.85,1.13,0.74,1.85,1.13,0.74
underachiever,-1.79,-1.81,-1.42,-1.79,-1.81,-1.42
underdog,1.14,-0.63,-0.22,1.14,-0.63,-0.22
undergraduate,1.58,0.03,1.2,1.58,0.03,1.2
undertaker,0.39,0.86,-0.61,0.39,0.86,-0.61
unemployed_person,-0.49,-1.74,-1.05,-0.49,-1.74,-1.05
union_member,0.75,0.78,1.14,0.75,0.78,1.14
university_student,1.64,0.77,1.48,1.64,0.77,1.48
unwanted_child,-1.63,-1.91,-0.66,-1.63,-1.91,-0.66
unwed_father,-0.19,0.25,0.04,-0.19,0.25,0.04
unwed_mother,-0.02,0.15,0.4,-0.02,0.15,0.4
unwed_parent,-0.09,0.21,0.17,-0.09,0.21,0.17
usher,1.61,0.83,-0.29,1.61,0.83,-0.29
vagrant,-1.44,-1.6,-0.44,-1.44,-1.6,-0.44
vandal,-2.07,-0.19,0.61,-2.07,-0.19,0.61
veterinarian,2.8,2.01,-0.09,2.8,2.01,-0.09
victim,-0.3,-2.53,-1.26,-0.3,-2.53,-1.26
vigilante,-0.13,1.1,1.49,-0.13,1.1,1.49
villain,-3.12,1.62,1.29,-3.12,1.62,1.29
vip,1.02,2.27,1.28,1.02,2.27,1.28
virgin,1.53,1,-0.95,1.53,1,-0.95
visitor,1.17,-0.09,0.12,1.17,-0.09,0.12
voter,1.92,1.71,-0.01,1.92,1.71,-0.01
wage_earner,1.76,1.13,0.09,1.76,1.13,0.09
waiter,1.31,-0.16,1.27,1.31,-0.16,1.27
waitress,1.5,-0.21,1.3,1.5,-0.21,1.3
wallflower,0.24,-1.35,-2.14,0.24,-1.35,-2.14
ward_of_the_state,0.02,-0.47,-0.06,0.02,-0.47,-0.06
warden,-0.18,2.25,0.84,-0.18,2.25,0.84
watchman,1.5,1.4,-1.28,1.5,1.4,-1.28
weakling,-1.31,-2.77,-1.87,-1.31,-2.77,-1.87
web_developer,1.21,1.22,-0.96,1.21,1.22,-0.96
weirdo,-0.59,-0.78,-0.19,-0.59,-0.78,-0.19
welder,0.92,0.51,0.88,0.92,0.51,0.88
welfare_recipient,-0.41,-2.02,-0.74,-0.41,-2.02,-0.74
white_collar_worker,1.06,1.26,0.42,1.06,1.26,0.42
white_man,0.82,1.67,0.4,0.82,1.67,0.4
white_supremacist,-3.25,-0.28,1.32,-3.25,-0.28,1.32
white_woman,0.89,0.8,0.21,0.89,0.8,0.21
wholesaler,0.8,1.08,0.54,0.8,1.08,0.54
whore,-1.69,-1.47,1.31,-1.69,-1.47,1.31
widow,-0.1,-0.54,-1.27,-0.1,-0.54,-1.27
widower,-0.34,-1.02,-1.37,-0.34,-1.02,-1.37
wife,2.62,2.21,1.03,2.62,2.21,1.03
wife_abuser,-3.87,0.75,1.7,-3.87,0.75,1.7
windbag,-0.74,-0.42,0.99,-0.74,-0.42,0.99
winner,2.73,2.81,2.01,2.73,2.81,2.01
witness,1.46,1.73,0.03,1.46,1.73,0.03
woman,1.75,1.14,0.46,1.75,1.14,0.46
womanizer,-1.85,0.73,1.64,-1.85,0.73,1.64
worker,1.43,0.37,0.48,1.43,0.37,0.48
writer,1.55,2.03,-1.18,1.55,2.03,-1.18
youngster,1.1,-0.81,2.14,1.1,-0.81,2.14
